"lang","sloc"
"java",207
"java",296
"java",348
"java",309
"java",231
"java",228
"java",318
"java",212
"java",284
"java",267
"java",354
"java",262
"java",259
"java",342
"java",252
"java",299
"java",312
"java",285
"java",266
"java",333
"java",280
"java",283
"java",368
"java",407
"java",325
"java",339
"java",255
"java",327
"java",268
"java",315
"python",401
"python",391
"python",331
"python",370
"python",415
"python",419
"python",340
"python",382
"python",319
"python",387
"python",455
"python",438
"python",388
"python",449
"python",437
"python",404
"python",352
"python",390
"python",446
"python",424
"python",370
"python",291
"python",366
"python",294
"python",337
"python",381
"python",366
"python",356
"python",395
"python",387
"ruby",188
"ruby",227
"ruby",208
"ruby",267
"ruby",303
"ruby",311
"ruby",287
"ruby",226
"ruby",278
"ruby",188
"ruby",269
"ruby",178
"ruby",198
"ruby",239
"ruby",176
"ruby",309
"ruby",176
"ruby",228
"ruby",197
"ruby",326
"ruby",280
"ruby",239
"ruby",286
"ruby",286
"ruby",272
"ruby",258
"ruby",283
"ruby",361
"ruby",191
"ruby",246
